"filename", "language", "Markdown", "Go", "JavaScript", "Python", "Go Checksum File", "Go Module File", "XML", "SQL", "comment", "blank", "total"
"c:\Users\mawen\Dev\GitHub\Study\AWS.md", "Markdown", 68, 0, 0, 0, 0, 0, 0, 0, 0, 42, 110
"c:\Users\mawen\Dev\GitHub\Study\BigData.md", "Markdown", 752, 0, 0, 0, 0, 0, 0, 0, 0, 328, 1080
"c:\Users\mawen\Dev\GitHub\Study\Clickhouse.md", "Markdown", 18, 0, 0, 0, 0, 0, 0, 0, 0, 7, 25
"c:\Users\mawen\Dev\GitHub\Study\Docker_K8S\Docker.md", "Markdown", 388, 0, 0, 0, 0, 0, 0, 0, 0, 199, 587
"c:\Users\mawen\Dev\GitHub\Study\Docker_K8S\K8s_deployment.md", "Markdown", 80, 0, 0, 0, 0, 0, 0, 0, 0, 56, 136
"c:\Users\mawen\Dev\GitHub\Study\Docker_K8S\K8s_基础.md", "Markdown", 501, 0, 0, 0, 0, 0, 0, 0, 0, 258, 759
"c:\Users\mawen\Dev\GitHub\Study\Docker_K8S\K8s_操作命令.md", "Markdown", 591, 0, 0, 0, 0, 0, 0, 0, 0, 195, 786
"c:\Users\mawen\Dev\GitHub\Study\Docker_K8S\K8s_面试题.md", "Markdown", 560, 0, 0, 0, 0, 0, 0, 0, 0, 388, 948
"c:\Users\mawen\Dev\GitHub\Study\Docker_K8S\docker从入门到上手干事.md", "Markdown", 415, 0, 0, 0, 0, 0, 0, 0, 0, 362, 777
"c:\Users\mawen\Dev\GitHub\Study\Docker_K8S\docker基本概念解读.md", "Markdown", 172, 0, 0, 0, 0, 0, 0, 0, 0, 143, 315
"c:\Users\mawen\Dev\GitHub\Study\Docker_K8S\docker笔记.md", "Markdown", 248, 0, 0, 0, 0, 0, 0, 0, 0, 45, 293
"c:\Users\mawen\Dev\GitHub\Study\Docker_K8S\k8s_kubeadm.md", "Markdown", 156, 0, 0, 0, 0, 0, 0, 0, 0, 52, 208
"c:\Users\mawen\Dev\GitHub\Study\Docker_K8S\k8s_service.md", "Markdown", 132, 0, 0, 0, 0, 0, 0, 0, 0, 68, 200
"c:\Users\mawen\Dev\GitHub\Study\Docker_K8S\kube-scheduler.md", "Markdown", 85, 0, 0, 0, 0, 0, 0, 0, 0, 32, 117
"c:\Users\mawen\Dev\GitHub\Study\Docker_K8S\kubelet.md", "Markdown", 24, 0, 0, 0, 0, 0, 0, 0, 0, 17, 41
"c:\Users\mawen\Dev\GitHub\Study\Druid_InfluxDB.md", "Markdown", 158, 0, 0, 0, 0, 0, 0, 0, 0, 76, 234
"c:\Users\mawen\Dev\GitHub\Study\Git\Github小技巧.md", "Markdown", 74, 0, 0, 0, 0, 0, 0, 0, 0, 70, 144
"c:\Users\mawen\Dev\GitHub\Study\Git\Git入门.md", "Markdown", 145, 0, 0, 0, 0, 0, 0, 0, 0, 148, 293
"c:\Users\mawen\Dev\GitHub\Study\Git\Git详解.md", "Markdown", 302, 0, 0, 0, 0, 0, 0, 0, 0, 121, 423
"c:\Users\mawen\Dev\GitHub\Study\Jenkins.md", "Markdown", 125, 0, 0, 0, 0, 0, 0, 0, 0, 41, 166
"c:\Users\mawen\Dev\GitHub\Study\MySQL\MySQL_基础.md", "Markdown", 593, 0, 0, 0, 0, 0, 0, 0, 0, 132, 725
"c:\Users\mawen\Dev\GitHub\Study\MySQL\MySQL_索引_优化_分库分表.md", "Markdown", 741, 0, 0, 0, 0, 0, 0, 0, 0, 296, 1037
"c:\Users\mawen\Dev\GitHub\Study\MySQL\MySQL_锁_事务.md", "Markdown", 552, 0, 0, 0, 0, 0, 0, 0, 0, 219, 771
"c:\Users\mawen\Dev\GitHub\Study\MySQL\mysql\a-thousand-lines-of-mysql-study-notes.md", "Markdown", 906, 0, 0, 0, 0, 0, 0, 0, 0, 52, 958
"c:\Users\mawen\Dev\GitHub\Study\MySQL\mysql\how-sql-executed-in-mysql.md", "Markdown", 82, 0, 0, 0, 0, 0, 0, 0, 0, 56, 138
"c:\Users\mawen\Dev\GitHub\Study\MySQL\mysql\index-invalidation-caused-by-implicit-conversion.md", "Markdown", 122, 0, 0, 0, 0, 0, 0, 0, 0, 41, 163
"c:\Users\mawen\Dev\GitHub\Study\MySQL\mysql\innodb-implementation-of-mvcc.md", "Markdown", 146, 0, 0, 0, 0, 0, 0, 0, 0, 114, 260
"c:\Users\mawen\Dev\GitHub\Study\MySQL\mysql\mysql-auto-increment-primary-key-continuous.md", "Markdown", 124, 0, 0, 0, 0, 0, 0, 0, 0, 98, 222
"c:\Users\mawen\Dev\GitHub\Study\MySQL\mysql\mysql-high-performance-optimization-specification-recommendations.md", "Markdown", 225, 0, 0, 0, 0, 0, 0, 0, 0, 165, 390
"c:\Users\mawen\Dev\GitHub\Study\MySQL\mysql\mysql-index.md", "Markdown", 339, 0, 0, 0, 0, 0, 0, 0, 0, 202, 541
"c:\Users\mawen\Dev\GitHub\Study\MySQL\mysql\mysql-logs.md", "Markdown", 192, 0, 0, 0, 0, 0, 0, 0, 0, 157, 349
"c:\Users\mawen\Dev\GitHub\Study\MySQL\mysql\mysql-query-cache.md", "Markdown", 145, 0, 0, 0, 0, 0, 0, 0, 0, 64, 209
"c:\Users\mawen\Dev\GitHub\Study\MySQL\mysql\mysql-query-execution-plan.md", "Markdown", 100, 0, 0, 0, 0, 0, 0, 0, 0, 45, 145
"c:\Users\mawen\Dev\GitHub\Study\MySQL\mysql\mysql-questions-01.md", "Markdown", 546, 0, 0, 0, 0, 0, 0, 0, 0, 319, 865
"c:\Users\mawen\Dev\GitHub\Study\MySQL\mysql\some-thoughts-on-database-storage-time.md", "Markdown", 116, 0, 0, 0, 0, 0, 0, 0, 0, 55, 171
"c:\Users\mawen\Dev\GitHub\Study\MySQL\mysql\transaction-isolation-level.md", "Markdown", 73, 0, 0, 0, 0, 0, 0, 0, 0, 43, 116
"c:\Users\mawen\Dev\GitHub\Study\MySQL\面试.md", "Markdown", 15, 0, 0, 0, 0, 0, 0, 0, 0, 6, 21
"c:\Users\mawen\Dev\GitHub\Study\Nginx.md", "Markdown", 15, 0, 0, 0, 0, 0, 0, 0, 0, 13, 28
"c:\Users\mawen\Dev\GitHub\Study\OpenRTB.md", "Markdown", 113, 0, 0, 0, 0, 0, 0, 0, 0, 20, 133
"c:\Users\mawen\Dev\GitHub\Study\Prometheus.md", "Markdown", 209, 0, 0, 0, 0, 0, 0, 0, 0, 45, 254
"c:\Users\mawen\Dev\GitHub\Study\Python\Python_ML.py", "Python", 0, 0, 0, 340, 0, 0, 0, 0, 48, 92, 480
"c:\Users\mawen\Dev\GitHub\Study\Python\Python_basic.py", "Python", 0, 0, 0, 236, 0, 0, 0, 0, 20, 79, 335
"c:\Users\mawen\Dev\GitHub\Study\Python\p02_function.py", "Python", 0, 0, 0, 189, 0, 0, 0, 0, 9, 71, 269
"c:\Users\mawen\Dev\GitHub\Study\Python\p03_module_class.py", "Python", 0, 0, 0, 1070, 0, 0, 0, 0, 21, 395, 1486
"c:\Users\mawen\Dev\GitHub\Study\Python\p04_exception.py", "Python", 0, 0, 0, 381, 0, 0, 0, 0, 8, 133, 522
"c:\Users\mawen\Dev\GitHub\Study\Python\p05_IO.py", "Python", 0, 0, 0, 30, 0, 0, 0, 0, 6, 23, 59
"c:\Users\mawen\Dev\GitHub\Study\Python\p06_Thread.py", "Python", 0, 0, 0, 30, 0, 0, 0, 0, 6, 23, 59
"c:\Users\mawen\Dev\GitHub\Study\README.md", "Markdown", 2, 0, 0, 0, 0, 0, 0, 0, 0, 1, 3
"c:\Users\mawen\Dev\GitHub\Study\Redis\Redis.md", "Markdown", 709, 0, 0, 0, 0, 0, 0, 0, 0, 276, 985
"c:\Users\mawen\Dev\GitHub\Study\Redis\Redis_面经.md", "Markdown", 1992, 0, 0, 0, 0, 0, 0, 0, 0, 1418, 3410
"c:\Users\mawen\Dev\GitHub\Study\Redis\redis\3-commonly-used-cache-read-and-write-strategies.md", "Markdown", 65, 0, 0, 0, 0, 0, 0, 0, 0, 54, 119
"c:\Users\mawen\Dev\GitHub\Study\Redis\redis\redis-common-blocking-problems-summary.md", "Markdown", 108, 0, 0, 0, 0, 0, 0, 0, 0, 71, 179
"c:\Users\mawen\Dev\GitHub\Study\Redis\redis\redis-data-structures-01.md", "Markdown", 374, 0, 0, 0, 0, 0, 0, 0, 0, 130, 504
"c:\Users\mawen\Dev\GitHub\Study\Redis\redis\redis-data-structures-02.md", "Markdown", 165, 0, 0, 0, 0, 0, 0, 0, 0, 62, 227
"c:\Users\mawen\Dev\GitHub\Study\Redis\redis\redis-delayed-task.md", "Markdown", 46, 0, 0, 0, 0, 0, 0, 0, 0, 37, 83
"c:\Users\mawen\Dev\GitHub\Study\Redis\redis\redis-memory-fragmentation.md", "Markdown", 80, 0, 0, 0, 0, 0, 0, 0, 0, 45, 125
"c:\Users\mawen\Dev\GitHub\Study\Redis\redis\redis-persistence.md", "Markdown", 121, 0, 0, 0, 0, 0, 0, 0, 0, 79, 200
"c:\Users\mawen\Dev\GitHub\Study\Redis\redis\redis-questions-01.md", "Markdown", 554, 0, 0, 0, 0, 0, 0, 0, 0, 288, 842
"c:\Users\mawen\Dev\GitHub\Study\Redis\redis\redis-questions-02.md", "Markdown", 527, 0, 0, 0, 0, 0, 0, 0, 0, 273, 800
"c:\Users\mawen\Dev\GitHub\Study\Redis\redis\redis-skiplist.md", "Markdown", 589, 0, 0, 0, 0, 0, 0, 0, 0, 179, 768
"c:\Users\mawen\Dev\GitHub\Study\Redis\redis分布式锁及双重校验.md", "Markdown", 89, 0, 0, 0, 0, 0, 0, 0, 0, 32, 121
"c:\Users\mawen\Dev\GitHub\Study\Scala.md", "Markdown", 511, 0, 0, 0, 0, 0, 0, 0, 0, 129, 640
"c:\Users\mawen\Dev\GitHub\Study\Spark.md", "Markdown", 496, 0, 0, 0, 0, 0, 0, 0, 0, 198, 694
"c:\Users\mawen\Dev\GitHub\Study\cs-basics\network\application-layer-protocol.md", "Markdown", 87, 0, 0, 0, 0, 0, 0, 0, 0, 59, 146
"c:\Users\mawen\Dev\GitHub\Study\cs-basics\network\arp.md", "Markdown", 58, 0, 0, 0, 0, 0, 0, 0, 0, 48, 106
"c:\Users\mawen\Dev\GitHub\Study\cs-basics\network\computer-network-xiexiren-summary.md", "Markdown", 227, 0, 0, 0, 0, 0, 0, 0, 0, 95, 322
"c:\Users\mawen\Dev\GitHub\Study\cs-basics\network\dns.md", "Markdown", 71, 0, 0, 0, 0, 0, 0, 0, 0, 38, 109
"c:\Users\mawen\Dev\GitHub\Study\cs-basics\network\http-status-codes.md", "Markdown", 52, 0, 0, 0, 0, 0, 0, 0, 0, 21, 73
"c:\Users\mawen\Dev\GitHub\Study\cs-basics\network\http-vs-https.md", "Markdown", 88, 0, 0, 0, 0, 0, 0, 0, 0, 55, 143
"c:\Users\mawen\Dev\GitHub\Study\cs-basics\network\http1.0-vs-http1.1.md", "Markdown", 62, 0, 0, 0, 0, 0, 0, 0, 0, 46, 108
"c:\Users\mawen\Dev\GitHub\Study\cs-basics\network\nat.md", "Markdown", 38, 0, 0, 0, 0, 0, 0, 0, 0, 23, 61
"c:\Users\mawen\Dev\GitHub\Study\cs-basics\network\network-attack-means.md", "Markdown", 252, 0, 0, 0, 0, 0, 0, 0, 0, 219, 471
"c:\Users\mawen\Dev\GitHub\Study\cs-basics\network\osi-and-tcp-ip-model.md", "Markdown", 127, 0, 0, 0, 0, 0, 0, 0, 0, 69, 196
"c:\Users\mawen\Dev\GitHub\Study\cs-basics\network\other-network-questions.md", "Markdown", 265, 0, 0, 0, 0, 0, 0, 0, 0, 144, 409
"c:\Users\mawen\Dev\GitHub\Study\cs-basics\network\other-network-questions2.md", "Markdown", 129, 0, 0, 0, 0, 0, 0, 0, 0, 82, 211
"c:\Users\mawen\Dev\GitHub\Study\cs-basics\network\tcp-connection-and-disconnection.md", "Markdown", 60, 0, 0, 0, 0, 0, 0, 0, 0, 44, 104
"c:\Users\mawen\Dev\GitHub\Study\cs-basics\network\tcp-reliability-guarantee.md", "Markdown", 79, 0, 0, 0, 0, 0, 0, 0, 0, 50, 129
"c:\Users\mawen\Dev\GitHub\Study\cs-basics\network\the-whole-process-of-accessing-web-pages.md", "Markdown", 50, 0, 0, 0, 0, 0, 0, 0, 0, 30, 80
"c:\Users\mawen\Dev\GitHub\Study\cs-basics\operating-system\linux-intro.md", "Markdown", 280, 0, 0, 0, 0, 0, 0, 0, 0, 152, 432
"c:\Users\mawen\Dev\GitHub\Study\cs-basics\operating-system\operating-system-basic-questions-01.md", "Markdown", 292, 0, 0, 0, 0, 0, 0, 0, 0, 170, 462
"c:\Users\mawen\Dev\GitHub\Study\cs-basics\operating-system\operating-system-basic-questions-02.md", "Markdown", 250, 0, 0, 0, 0, 0, 0, 0, 0, 164, 414
"c:\Users\mawen\Dev\GitHub\Study\cs-basics\operating-system\shell-intro.md", "Markdown", 396, 0, 0, 0, 0, 0, 0, 0, 0, 141, 537
"c:\Users\mawen\Dev\GitHub\Study\database\basis.md", "Markdown", 100, 0, 0, 0, 0, 0, 0, 0, 0, 59, 159
"c:\Users\mawen\Dev\GitHub\Study\database\character-set.md", "Markdown", 210, 0, 0, 0, 0, 0, 0, 0, 0, 124, 334
"c:\Users\mawen\Dev\GitHub\Study\database\nosql.md", "Markdown", 43, 0, 0, 0, 0, 0, 0, 0, 0, 19, 62
"c:\Users\mawen\Dev\GitHub\Study\database\sql\sql-questions-01.md", "Markdown", 1368, 0, 0, 0, 0, 0, 0, 0, 0, 461, 1829
"c:\Users\mawen\Dev\GitHub\Study\database\sql\sql-questions-02.md", "Markdown", 322, 0, 0, 0, 0, 0, 0, 0, 0, 129, 451
"c:\Users\mawen\Dev\GitHub\Study\database\sql\sql-questions-03.md", "Markdown", 1003, 0, 0, 0, 0, 0, 0, 0, 0, 299, 1302
"c:\Users\mawen\Dev\GitHub\Study\database\sql\sql-questions-04.md", "Markdown", 661, 0, 0, 0, 0, 0, 0, 0, 0, 172, 833
"c:\Users\mawen\Dev\GitHub\Study\database\sql\sql-questions-05.md", "Markdown", 799, 0, 0, 0, 0, 0, 0, 0, 0, 215, 1014
"c:\Users\mawen\Dev\GitHub\Study\database\sql\sql-syntax-summary.md", "Markdown", 866, 0, 0, 0, 0, 0, 0, 0, 0, 347, 1213
"c:\Users\mawen\Dev\GitHub\Study\elasticsearch\ELK.md", "Markdown", 323, 0, 0, 0, 0, 0, 0, 0, 0, 79, 402
"c:\Users\mawen\Dev\GitHub\Study\elasticsearch\README.md", "Markdown", 32, 0, 0, 0, 0, 0, 0, 0, 0, 0, 32
"c:\Users\mawen\Dev\GitHub\Study\elasticsearch\go.mod", "Go Module File", 0, 0, 0, 0, 0, 34, 0, 0, 0, 4, 38
"c:\Users\mawen\Dev\GitHub\Study\elasticsearch\go.sum", "Go Checksum File", 0, 0, 0, 0, 103, 0, 0, 0, 0, 1, 104
"c:\Users\mawen\Dev\GitHub\Study\elasticsearch\study\ES_RESTFUL_README.md", "Markdown", 561, 0, 0, 0, 0, 0, 0, 0, 0, 159, 720
"c:\Users\mawen\Dev\GitHub\Study\elasticsearch\study\exercise\elastic-go-elasticsearch.go", "Go", 0, 109, 0, 0, 0, 0, 0, 0, 45, 19, 173
"c:\Users\mawen\Dev\GitHub\Study\elasticsearch\study\exercise\go-elasticsearch.go", "Go", 0, 28, 0, 0, 0, 0, 0, 0, 5, 6, 39
"c:\Users\mawen\Dev\GitHub\Study\elasticsearch\study\exercise\olivere-elastic.go", "Go", 0, 151, 0, 0, 0, 0, 0, 0, 24, 16, 191
"c:\Users\mawen\Dev\GitHub\Study\elasticsearch\study\search\search.go", "Go", 0, 141, 0, 0, 0, 0, 0, 0, 8, 18, 167
"c:\Users\mawen\Dev\GitHub\Study\elasticsearch\study\♥ElasticSearch知识体系详解♥\ES详解 - 优化：ElasticSearch性能优化详解.md", "Markdown", 280, 0, 0, 0, 0, 0, 0, 0, 0, 155, 435
"c:\Users\mawen\Dev\GitHub\Study\elasticsearch\study\♥ElasticSearch知识体系详解♥\ES详解 - 入门：查询和聚合的基础使用.md", "Markdown", 280, 0, 0, 0, 0, 0, 0, 0, 0, 86, 366
"c:\Users\mawen\Dev\GitHub\Study\elasticsearch\study\♥ElasticSearch知识体系详解♥\ES详解 - 原理：ES原理之索引文档流程详解.md", "Markdown", 209, 0, 0, 0, 0, 0, 0, 0, 0, 148, 357
"c:\Users\mawen\Dev\GitHub\Study\elasticsearch\study\♥ElasticSearch知识体系详解♥\ES详解 - 原理：ES原理之读取文档流程详解.md", "Markdown", 150, 0, 0, 0, 0, 0, 0, 0, 0, 115, 265
"c:\Users\mawen\Dev\GitHub\Study\elasticsearch\study\♥ElasticSearch知识体系详解♥\ES详解 - 原理：ES原理知识点补充和整体结构.md", "Markdown", 109, 0, 0, 0, 0, 0, 0, 0, 0, 66, 175
"c:\Users\mawen\Dev\GitHub\Study\elasticsearch\study\♥ElasticSearch知识体系详解♥\ES详解 - 原理：从图解构筑对ES原理的初步认知.md", "Markdown", 182, 0, 0, 0, 0, 0, 0, 0, 0, 155, 337
"c:\Users\mawen\Dev\GitHub\Study\elasticsearch\study\♥ElasticSearch知识体系详解♥\ES详解 - 安装：ElasticSearch和Kibana安装.md", "Markdown", 204, 0, 0, 0, 0, 0, 0, 0, 0, 63, 267
"c:\Users\mawen\Dev\GitHub\Study\elasticsearch\study\♥ElasticSearch知识体系详解♥\ES详解 - 索引：索引模板(Index Template)详解.md", "Markdown", 229, 0, 0, 0, 0, 0, 0, 0, 0, 54, 283
"c:\Users\mawen\Dev\GitHub\Study\elasticsearch\study\♥ElasticSearch知识体系详解♥\ES详解 - 索引：索引管理详解.md", "Markdown", 167, 0, 0, 0, 0, 0, 0, 0, 0, 74, 241
"c:\Users\mawen\Dev\GitHub\Study\elasticsearch\study\♥ElasticSearch知识体系详解♥\ES详解 - 认知：Elastic Stack生态和场景方案.md", "Markdown", 96, 0, 0, 0, 0, 0, 0, 0, 0, 77, 173
"c:\Users\mawen\Dev\GitHub\Study\elasticsearch\study\♥ElasticSearch知识体系详解♥\ES详解 - 认知：ElasticSearch基础概念.md", "Markdown", 70, 0, 0, 0, 0, 0, 0, 0, 0, 49, 119
"c:\Users\mawen\Dev\GitHub\Study\elasticsearch\study\各种查询的golang实现\es实现mysql or查询.md", "Markdown", 12, 0, 0, 0, 0, 0, 0, 0, 0, 6, 18
"c:\Users\mawen\Dev\GitHub\Study\elasticsearch\study\各种查询的golang实现\es实现mysql where in 查询.md", "Markdown", 28, 0, 0, 0, 0, 0, 0, 0, 0, 7, 35
"c:\Users\mawen\Dev\GitHub\Study\elasticsearch\study\各种查询的golang实现\es根据app.Id分组，统计每组的OwnerBid数量，过滤空值并去重.md", "Markdown", 170, 0, 0, 0, 0, 0, 0, 0, 0, 15, 185
"c:\Users\mawen\Dev\GitHub\Study\elasticsearch\study\各种查询的golang实现\es根据appId分组，对某一字段求和es根据appId分组，对某一字段求和.md", "Markdown", 157, 0, 0, 0, 0, 0, 0, 0, 0, 17, 174
"c:\Users\mawen\Dev\GitHub\Study\elasticsearch\study\各种查询的golang实现\根据 series_Id 字段分组，对dna中id字段count总数，dna_price字段sum求和.md", "Markdown", 254, 0, 0, 0, 0, 0, 0, 0, 0, 37, 291
"c:\Users\mawen\Dev\GitHub\Study\elasticsearch\study\各种查询的golang实现\根据app.Id分组，统计每组dna数量.md", "Markdown", 160, 0, 0, 0, 0, 0, 0, 0, 0, 18, 178
"c:\Users\mawen\Dev\GitHub\Study\elasticsearch\场景\哈啰：记录一次ElasticSearch的查询性能优化.md", "Markdown", 125, 0, 0, 0, 0, 0, 0, 0, 0, 97, 222
"c:\Users\mawen\Dev\GitHub\Study\elasticsearch\场景\腾讯Elasticsearch海量规模背后的内核优化剖析.md", "Markdown", 126, 0, 0, 0, 0, 0, 0, 0, 0, 119, 245
"c:\Users\mawen\Dev\GitHub\Study\elasticsearch\场景\腾讯万亿级 Elasticsearch 技术解密.md", "Markdown", 79, 0, 0, 0, 0, 0, 0, 0, 0, 67, 146
"c:\Users\mawen\Dev\GitHub\Study\elasticsearch\面经\ES_INTERVIEW_README.md", "Markdown", 295, 0, 0, 0, 0, 0, 0, 0, 0, 303, 598
"c:\Users\mawen\Dev\GitHub\Study\img\architecture_docker.svg", "XML", 0, 0, 0, 0, 0, 0, 2596, 0, 1, 1, 2598
"c:\Users\mawen\Dev\GitHub\Study\java\basis\bigdecimal.md", "Markdown", 291, 0, 0, 0, 0, 0, 0, 0, 0, 74, 365
"c:\Users\mawen\Dev\GitHub\Study\java\basis\generics-and-wildcards.md", "Markdown", 13, 0, 0, 0, 0, 0, 0, 0, 0, 8, 21
"c:\Users\mawen\Dev\GitHub\Study\java\basis\java-basic-questions-01.md", "Markdown", 767, 0, 0, 0, 0, 0, 0, 0, 0, 315, 1082
"c:\Users\mawen\Dev\GitHub\Study\java\basis\java-basic-questions-02.md", "Markdown", 574, 0, 0, 0, 0, 0, 0, 0, 0, 214, 788
"c:\Users\mawen\Dev\GitHub\Study\java\basis\java-basic-questions-03.md", "Markdown", 387, 0, 0, 0, 0, 0, 0, 0, 0, 189, 576
"c:\Users\mawen\Dev\GitHub\Study\java\basis\java-keyword-summary.md", "Markdown", 227, 0, 0, 0, 0, 0, 0, 0, 0, 83, 310
"c:\Users\mawen\Dev\GitHub\Study\java\basis\proxy.md", "Markdown", 292, 0, 0, 0, 0, 0, 0, 0, 0, 113, 405
"c:\Users\mawen\Dev\GitHub\Study\java\basis\reflection.md", "Markdown", 133, 0, 0, 0, 0, 0, 0, 0, 0, 55, 188
"c:\Users\mawen\Dev\GitHub\Study\java\basis\serialization.md", "Markdown", 155, 0, 0, 0, 0, 0, 0, 0, 0, 71, 226
"c:\Users\mawen\Dev\GitHub\Study\java\basis\spi.md", "Markdown", 427, 0, 0, 0, 0, 0, 0, 0, 0, 140, 567
"c:\Users\mawen\Dev\GitHub\Study\java\basis\syntactic-sugar.md", "Markdown", 635, 0, 0, 0, 0, 0, 0, 0, 0, 179, 814
"c:\Users\mawen\Dev\GitHub\Study\java\basis\unsafe.md", "Markdown", 553, 0, 0, 0, 0, 0, 0, 0, 0, 180, 733
"c:\Users\mawen\Dev\GitHub\Study\java\basis\why-there-only-value-passing-in-java.md", "Markdown", 157, 0, 0, 0, 0, 0, 0, 0, 0, 63, 220
"c:\Users\mawen\Dev\GitHub\Study\java\collection\arrayblockingqueue-source-code.md", "Markdown", 602, 0, 0, 0, 0, 0, 0, 0, 0, 172, 774
"c:\Users\mawen\Dev\GitHub\Study\java\collection\arraylist-source-code.md", "Markdown", 801, 0, 0, 0, 0, 0, 0, 0, 0, 164, 965
"c:\Users\mawen\Dev\GitHub\Study\java\collection\concurrent-hash-map-source-code.md", "Markdown", 514, 0, 0, 0, 0, 0, 0, 0, 0, 80, 594
"c:\Users\mawen\Dev\GitHub\Study\java\collection\copyonwritearraylist-source-code.md", "Markdown", 244, 0, 0, 0, 0, 0, 0, 0, 0, 74, 318
"c:\Users\mawen\Dev\GitHub\Study\java\collection\delayqueue-source-code.md", "Markdown", 278, 0, 0, 0, 0, 0, 0, 0, 0, 82, 360
"c:\Users\mawen\Dev\GitHub\Study\java\collection\hashmap-source-code.md", "Markdown", 502, 0, 0, 0, 0, 0, 0, 0, 0, 76, 578
"c:\Users\mawen\Dev\GitHub\Study\java\collection\java-collection-precautions-for-use.md", "Markdown", 336, 0, 0, 0, 0, 0, 0, 0, 0, 106, 442
"c:\Users\mawen\Dev\GitHub\Study\java\collection\java-collection-questions-01.md", "Markdown", 355, 0, 0, 0, 0, 0, 0, 0, 0, 139, 494
"c:\Users\mawen\Dev\GitHub\Study\java\collection\java-collection-questions-02.md", "Markdown", 437, 0, 0, 0, 0, 0, 0, 0, 0, 167, 604
"c:\Users\mawen\Dev\GitHub\Study\java\collection\linkedhashmap-source-code.md", "Markdown", 457, 0, 0, 0, 0, 0, 0, 0, 0, 134, 591
"c:\Users\mawen\Dev\GitHub\Study\java\collection\linkedlist-source-code.md", "Markdown", 422, 0, 0, 0, 0, 0, 0, 0, 0, 97, 519
"c:\Users\mawen\Dev\GitHub\Study\java\collection\priorityqueue-source-code.md", "Markdown", 10, 0, 0, 0, 0, 0, 0, 0, 0, 5, 15
"c:\Users\mawen\Dev\GitHub\Study\java\concurrent\aqs.md", "Markdown", 631, 0, 0, 0, 0, 0, 0, 0, 0, 164, 795
"c:\Users\mawen\Dev\GitHub\Study\java\concurrent\atomic-classes.md", "Markdown", 336, 0, 0, 0, 0, 0, 0, 0, 0, 115, 451
"c:\Users\mawen\Dev\GitHub\Study\java\concurrent\completablefuture-intro.md", "Markdown", 544, 0, 0, 0, 0, 0, 0, 0, 0, 181, 725
"c:\Users\mawen\Dev\GitHub\Study\java\concurrent\java-concurrent-collections.md", "Markdown", 97, 0, 0, 0, 0, 0, 0, 0, 0, 59, 156
"c:\Users\mawen\Dev\GitHub\Study\java\concurrent\java-concurrent-questions-01.md", "Markdown", 275, 0, 0, 0, 0, 0, 0, 0, 0, 144, 419
"c:\Users\mawen\Dev\GitHub\Study\java\concurrent\java-concurrent-questions-02.md", "Markdown", 475, 0, 0, 0, 0, 0, 0, 0, 0, 237, 712
"c:\Users\mawen\Dev\GitHub\Study\java\concurrent\java-concurrent-questions-03.md", "Markdown", 859, 0, 0, 0, 0, 0, 0, 0, 0, 319, 1178
"c:\Users\mawen\Dev\GitHub\Study\java\concurrent\java-thread-pool-best-practices.md", "Markdown", 201, 0, 0, 0, 0, 0, 0, 0, 0, 97, 298
"c:\Users\mawen\Dev\GitHub\Study\java\concurrent\java-thread-pool-summary.md", "Markdown", 617, 0, 0, 0, 0, 0, 0, 0, 0, 212, 829
"c:\Users\mawen\Dev\GitHub\Study\java\concurrent\jmm.md", "Markdown", 145, 0, 0, 0, 0, 0, 0, 0, 0, 96, 241
"c:\Users\mawen\Dev\GitHub\Study\java\concurrent\optimistic-lock-and-pessimistic-lock.md", "Markdown", 119, 0, 0, 0, 0, 0, 0, 0, 0, 58, 177
"c:\Users\mawen\Dev\GitHub\Study\java\concurrent\reentrantlock.md", "Markdown", 786, 0, 0, 0, 0, 0, 0, 0, 0, 237, 1023
"c:\Users\mawen\Dev\GitHub\Study\java\concurrent\threadlocal.md", "Markdown", 650, 0, 0, 0, 0, 0, 0, 0, 0, 265, 915
"c:\Users\mawen\Dev\GitHub\Study\java\concurrent\virtual-thread.md", "Markdown", 184, 0, 0, 0, 0, 0, 0, 0, 0, 53, 237
"c:\Users\mawen\Dev\GitHub\Study\java\io\io-basis.md", "Markdown", 411, 0, 0, 0, 0, 0, 0, 0, 0, 138, 549
"c:\Users\mawen\Dev\GitHub\Study\java\io\io-design-patterns.md", "Markdown", 246, 0, 0, 0, 0, 0, 0, 0, 0, 76, 322
"c:\Users\mawen\Dev\GitHub\Study\java\io\io-model.md", "Markdown", 74, 0, 0, 0, 0, 0, 0, 0, 0, 59, 133
"c:\Users\mawen\Dev\GitHub\Study\java\io\nio-basis.md", "Markdown", 279, 0, 0, 0, 0, 0, 0, 0, 0, 114, 393
"c:\Users\mawen\Dev\GitHub\Study\java\jvm\class-file-structure.md", "Markdown", 147, 0, 0, 0, 0, 0, 0, 0, 0, 70, 217
"c:\Users\mawen\Dev\GitHub\Study\java\jvm\class-loading-process.md", "Markdown", 89, 0, 0, 0, 0, 0, 0, 0, 0, 58, 147
"c:\Users\mawen\Dev\GitHub\Study\java\jvm\classloader.md", "Markdown", 246, 0, 0, 0, 0, 0, 0, 0, 0, 105, 351
"c:\Users\mawen\Dev\GitHub\Study\java\jvm\jdk-monitoring-and-troubleshooting-tools.md", "Markdown", 235, 0, 0, 0, 0, 0, 0, 0, 0, 91, 326
"c:\Users\mawen\Dev\GitHub\Study\java\jvm\jvm-garbage-collection.md", "Markdown", 329, 0, 0, 0, 0, 0, 0, 0, 0, 194, 523
"c:\Users\mawen\Dev\GitHub\Study\java\jvm\jvm-in-action.md", "Markdown", 39, 0, 0, 0, 0, 0, 0, 0, 0, 21, 60
"c:\Users\mawen\Dev\GitHub\Study\java\jvm\jvm-intro.md", "Markdown", 331, 0, 0, 0, 0, 0, 0, 0, 0, 203, 534
"c:\Users\mawen\Dev\GitHub\Study\java\jvm\jvm-parameters-intro.md", "Markdown", 165, 0, 0, 0, 0, 0, 0, 0, 0, 71, 236
"c:\Users\mawen\Dev\GitHub\Study\java\jvm\memory-area.md", "Markdown", 226, 0, 0, 0, 0, 0, 0, 0, 0, 153, 379
"c:\Users\mawen\Dev\GitHub\Study\java\new-features\java10.md", "Markdown", 78, 0, 0, 0, 0, 0, 0, 0, 0, 42, 120
"c:\Users\mawen\Dev\GitHub\Study\java\new-features\java11.md", "Markdown", 92, 0, 0, 0, 0, 0, 0, 0, 0, 40, 132
"c:\Users\mawen\Dev\GitHub\Study\java\new-features\java12-13.md", "Markdown", 205, 0, 0, 0, 0, 0, 0, 0, 0, 94, 299
"c:\Users\mawen\Dev\GitHub\Study\java\new-features\java14-15.md", "Markdown", 170, 0, 0, 0, 0, 0, 0, 0, 0, 74, 244
"c:\Users\mawen\Dev\GitHub\Study\java\new-features\java16.md", "Markdown", 101, 0, 0, 0, 0, 0, 0, 0, 0, 52, 153
"c:\Users\mawen\Dev\GitHub\Study\java\new-features\java17.md", "Markdown", 126, 0, 0, 0, 0, 0, 0, 0, 0, 51, 177
"c:\Users\mawen\Dev\GitHub\Study\java\new-features\java18.md", "Markdown", 98, 0, 0, 0, 0, 0, 0, 0, 0, 44, 142
"c:\Users\mawen\Dev\GitHub\Study\java\new-features\java19.md", "Markdown", 86, 0, 0, 0, 0, 0, 0, 0, 0, 34, 120
"c:\Users\mawen\Dev\GitHub\Study\java\new-features\java20.md", "Markdown", 222, 0, 0, 0, 0, 0, 0, 0, 0, 92, 314
"c:\Users\mawen\Dev\GitHub\Study\java\new-features\java21.md", "Markdown", 254, 0, 0, 0, 0, 0, 0, 0, 0, 129, 383
"c:\Users\mawen\Dev\GitHub\Study\java\new-features\java8-common-new-features.md", "Markdown", 818, 0, 0, 0, 0, 0, 0, 0, 0, 239, 1057
"c:\Users\mawen\Dev\GitHub\Study\java\new-features\java8-tutorial-translate.md", "Markdown", 647, 0, 0, 0, 0, 0, 0, 0, 0, 253, 900
"c:\Users\mawen\Dev\GitHub\Study\java\new-features\java9.md", "Markdown", 178, 0, 0, 0, 0, 0, 0, 0, 0, 84, 262
"c:\Users\mawen\Dev\GitHub\Study\linux\Linux.md", "Markdown", 497, 0, 0, 0, 0, 0, 0, 0, 0, 226, 723
"c:\Users\mawen\Dev\GitHub\Study\linux\Linux_Note.md", "Markdown", 504, 0, 0, 0, 0, 0, 0, 0, 0, 177, 681
"c:\Users\mawen\Dev\GitHub\Study\linux\README.md", "Markdown", 17, 0, 0, 0, 0, 0, 0, 0, 0, 2, 19
"c:\Users\mawen\Dev\GitHub\Study\linux\linux速查\Linux 命令行速查表-Cheet Sheet.md", "Markdown", 161, 0, 0, 0, 0, 0, 0, 0, 0, 32, 193
"c:\Users\mawen\Dev\GitHub\Study\linux\linux速查\linux命令大全-菜鸟.md", "Markdown", 108, 0, 0, 0, 0, 0, 0, 0, 0, 6, 114
"c:\Users\mawen\Dev\GitHub\Study\linux\study\Linux - Curl使用.md", "Markdown", 165, 0, 0, 0, 0, 0, 0, 0, 0, 65, 230
"c:\Users\mawen\Dev\GitHub\Study\linux\study\Linux - Linux 常用.md", "Markdown", 84, 0, 0, 0, 0, 0, 0, 0, 0, 28, 112
"c:\Users\mawen\Dev\GitHub\Study\linux\study\Linux - Linux创建自建服务.md", "Markdown", 204, 0, 0, 0, 0, 0, 0, 0, 0, 44, 248
"c:\Users\mawen\Dev\GitHub\Study\linux\study\Linux - Linux基础知识.md", "Markdown", 893, 0, 0, 0, 0, 0, 0, 0, 0, 400, 1293
"c:\Users\mawen\Dev\GitHub\Study\linux\study\Linux - ab压力测试.md", "Markdown", 153, 0, 0, 0, 0, 0, 0, 0, 0, 58, 211
"c:\Users\mawen\Dev\GitHub\Study\linux\study\Linux - 内存分析工具pmap.md", "Markdown", 687, 0, 0, 0, 0, 0, 0, 0, 0, 29, 716
"c:\Users\mawen\Dev\GitHub\Study\linux\study\Linux - 零拷贝技术.md", "Markdown", 199, 0, 0, 0, 0, 0, 0, 0, 0, 134, 333
"c:\Users\mawen\Dev\GitHub\Study\linux\常见的linux面试问题.md", "Markdown", 89, 0, 0, 0, 0, 0, 0, 0, 0, 46, 135
"c:\Users\mawen\Dev\GitHub\Study\mongodb\mongodb-questions-01.md", "Markdown", 221, 0, 0, 0, 0, 0, 0, 0, 0, 123, 344
"c:\Users\mawen\Dev\GitHub\Study\mongodb\mongodb-questions-02.md", "Markdown", 173, 0, 0, 0, 0, 0, 0, 0, 0, 103, 276
"c:\Users\mawen\Dev\GitHub\Study\project\data-sync\main.go", "Go", 0, 3, 0, 0, 0, 0, 0, 0, 164, 57, 224
"c:\Users\mawen\Dev\GitHub\Study\project\data-sync\mongo-to-mysql\ad_conf_centre\ad_conf_audience.go", "Go", 0, 67, 0, 0, 0, 0, 0, 0, 7, 10, 84
"c:\Users\mawen\Dev\GitHub\Study\project\data-sync\mongo-to-mysql\ad_conf_centre\ad_conf_audience_include_relations.go", "Go", 0, 52, 0, 0, 0, 0, 0, 0, 8, 7, 67
"c:\Users\mawen\Dev\GitHub\Study\project\data-sync\mongo-to-mysql\ad_conf_centre\ad_conf_audience_isegmentation_relations.go", "Go", 0, 286, 0, 0, 0, 0, 0, 0, 52, 22, 360
"c:\Users\mawen\Dev\GitHub\Study\project\data-sync\mongo-to-mysql\ad_conf_centre\ad_conf_copywriting.go", "Go", 0, 147, 0, 0, 0, 0, 0, 0, 43, 7, 197
"c:\Users\mawen\Dev\GitHub\Study\project\data-sync\mongo-to-mysql\ad_conf_centre\ad_conf_country.go", "Go", 0, 95, 0, 0, 0, 0, 0, 0, 9, 9, 113
"c:\Users\mawen\Dev\GitHub\Study\project\data-sync\mongo-to-mysql\ad_conf_centre\ad_conf_position.go", "Go", 0, 77, 0, 0, 0, 0, 0, 0, 10, 6, 93
"c:\Users\mawen\Dev\GitHub\Study\project\data-sync\mongo-to-mysql\ad_conf_centre\ad_conf_scheme.go", "Go", 0, 90, 0, 0, 0, 0, 0, 0, 11, 10, 111
"c:\Users\mawen\Dev\GitHub\Study\project\data-sync\mongo-to-mysql\ad_conf_centre\bean\bean_mongo.go", "Go", 0, 186, 0, 0, 0, 0, 0, 0, 7, 16, 209
"c:\Users\mawen\Dev\GitHub\Study\project\data-sync\mongo-to-mysql\ad_conf_centre\bean\bean_mysql.go", "Go", 0, 106, 0, 0, 0, 0, 0, 0, 8, 9, 123
"c:\Users\mawen\Dev\GitHub\Study\project\data-sync\mongo-to-mysql\ad_conf_centre\bean\flexible_spec_config.go", "Go", 0, 79, 0, 0, 0, 0, 0, 0, 2, 5, 86
"c:\Users\mawen\Dev\GitHub\Study\project\data-sync\mongo-to-mysql\ad_conf_centre\node\AdTextModel.js", "JavaScript", 0, 0, 33, 0, 0, 0, 0, 0, 1, 4, 38
"c:\Users\mawen\Dev\GitHub\Study\project\data-sync\mongo-to-mysql\ad_conf_centre\node\CfgAppModel.js", "JavaScript", 0, 0, 40, 0, 0, 0, 0, 0, 5, 2, 47
"c:\Users\mawen\Dev\GitHub\Study\project\data-sync\mongo-to-mysql\ad_conf_centre\node\CfgAudienceModel.js", "JavaScript", 0, 0, 58, 0, 0, 0, 0, 0, 5, 2, 65
"c:\Users\mawen\Dev\GitHub\Study\project\data-sync\mongo-to-mysql\ad_conf_centre\node\CfgCountryModel.js", "JavaScript", 0, 0, 54, 0, 0, 0, 0, 0, 5, 2, 61
"c:\Users\mawen\Dev\GitHub\Study\project\data-sync\mongo-to-mysql\ad_conf_centre\node\CfgFrameModel.js", "JavaScript", 0, 0, 61, 0, 0, 0, 0, 0, 5, 2, 68
"c:\Users\mawen\Dev\GitHub\Study\project\data-sync\mongo-to-mysql\ad_conf_centre\node\CfgPositionModel.js", "JavaScript", 0, 0, 61, 0, 0, 0, 0, 0, 5, 2, 68
"c:\Users\mawen\Dev\GitHub\Study\project\data-sync\mongo-to-mysql\ad_material\ad_material.go", "Go", 0, 155, 0, 0, 0, 0, 0, 0, 24, 11, 190
"c:\Users\mawen\Dev\GitHub\Study\project\data-sync\mongo-to-mysql\ad_material\ad_material_language_relations.go", "Go", 0, 40, 0, 0, 0, 0, 0, 0, 8, 7, 55
"c:\Users\mawen\Dev\GitHub\Study\project\data-sync\mongo-to-mysql\ad_material\ad_material_person_relations.go", "Go", 0, 77, 0, 0, 0, 0, 0, 0, 15, 9, 101
"c:\Users\mawen\Dev\GitHub\Study\project\data-sync\mongo-to-mysql\ad_material\ad_material_sync_success.go", "Go", 0, 80, 0, 0, 0, 0, 0, 0, 14, 13, 107
"c:\Users\mawen\Dev\GitHub\Study\project\data-sync\mongo-to-mysql\ad_material\bean\bean_mongo.go", "Go", 0, 71, 0, 0, 0, 0, 0, 0, 3, 7, 81
"c:\Users\mawen\Dev\GitHub\Study\project\data-sync\mongo-to-mysql\ad_material\bean\bean_mysql.go", "Go", 0, 111, 0, 0, 0, 0, 0, 0, 9, 10, 130
"c:\Users\mawen\Dev\GitHub\Study\project\data-sync\mongo-to-mysql\ad_material\node\AssetCenterModel.js", "JavaScript", 0, 0, 58, 0, 0, 0, 0, 0, 1, 6, 65
"c:\Users\mawen\Dev\GitHub\Study\project\data-sync\mongo-to-mysql\ad_material\url_replace.go", "Go", 0, 24, 0, 0, 0, 0, 0, 0, 1, 8, 33
"c:\Users\mawen\Dev\GitHub\Study\project\data-sync\mongo-to-mysql\ad_preview\ad_fb_finish.go", "Go", 0, 84, 0, 0, 0, 0, 0, 0, 19, 7, 110
"c:\Users\mawen\Dev\GitHub\Study\project\data-sync\mongo-to-mysql\ad_preview\adflow\AdFlowCfgModel.js", "JavaScript", 0, 0, 46, 0, 0, 0, 0, 0, 5, 7, 58
"c:\Users\mawen\Dev\GitHub\Study\project\data-sync\mongo-to-mysql\ad_preview\adflow\AdFlowModel.js", "JavaScript", 0, 0, 45, 0, 0, 0, 0, 0, 1, 7, 53
"c:\Users\mawen\Dev\GitHub\Study\project\data-sync\mongo-to-mysql\ad_preview\adflow\AdflowPreviewModel.js", "JavaScript", 0, 0, 51, 0, 0, 0, 0, 0, 5, 2, 58
"c:\Users\mawen\Dev\GitHub\Study\project\data-sync\mongo-to-mysql\ad_preview\adflow\JenkinsBuildInfoModel.js", "JavaScript", 0, 0, 30, 0, 0, 0, 0, 0, 1, 5, 36
"c:\Users\mawen\Dev\GitHub\Study\project\data-sync\mongo-to-mysql\ad_preview\bean\bean_mongo_adflow.go", "Go", 0, 148, 0, 0, 0, 0, 0, 0, 4, 5, 157
"c:\Users\mawen\Dev\GitHub\Study\project\data-sync\mongo-to-mysql\ad_preview\bean\bean_mongo_fb.go", "Go", 0, 160, 0, 0, 0, 0, 0, 0, 11, 13, 184
"c:\Users\mawen\Dev\GitHub\Study\project\data-sync\mongo-to-mysql\ad_preview\bean\bean_mysql.go", "Go", 0, 98, 0, 0, 0, 0, 0, 0, 7, 8, 113
"c:\Users\mawen\Dev\GitHub\Study\project\data-sync\mongo-to-mysql\ad_preview\fb\FBAdModel.js", "JavaScript", 0, 0, 51, 0, 0, 0, 0, 0, 0, 4, 55
"c:\Users\mawen\Dev\GitHub\Study\project\data-sync\mongo-to-mysql\ad_preview\fb\FBAdPoolModel.js", "JavaScript", 0, 0, 66, 0, 0, 0, 0, 0, 0, 6, 72
"c:\Users\mawen\Dev\GitHub\Study\project\data-sync\mongo-to-mysql\ad_preview\fb\FBAdsetModel.js", "JavaScript", 0, 0, 175, 0, 0, 0, 0, 0, 7, 12, 194
"c:\Users\mawen\Dev\GitHub\Study\project\data-sync\mongo-to-mysql\ad_preview\fb\FBAudienceAccountModel.js", "JavaScript", 0, 0, 63, 0, 0, 0, 0, 0, 0, 2, 65
"c:\Users\mawen\Dev\GitHub\Study\project\data-sync\mongo-to-mysql\ad_preview\fb\FBCampaignModel.js", "JavaScript", 0, 0, 70, 0, 0, 0, 0, 0, 1, 7, 78
"c:\Users\mawen\Dev\GitHub\Study\project\data-sync\mongo-to-mysql\ad_preview\fb\FBCustomAudiencetModel.js", "JavaScript", 0, 0, 56, 0, 0, 0, 0, 0, 3, 4, 63
"c:\Users\mawen\Dev\GitHub\Study\project\data-sync\mongo-to-mysql\art_asset\art_asset_1.go", "Go", 0, 121, 0, 0, 0, 0, 0, 0, 20, 14, 155
"c:\Users\mawen\Dev\GitHub\Study\project\data-sync\mongo-to-mysql\art_asset\art_asset_2.go", "Go", 0, 91, 0, 0, 0, 0, 0, 0, 15, 13, 119
"c:\Users\mawen\Dev\GitHub\Study\project\data-sync\mongo-to-mysql\art_asset\art_asset_tag_relations.go", "Go", 0, 60, 0, 0, 0, 0, 0, 0, 11, 8, 79
"c:\Users\mawen\Dev\GitHub\Study\project\data-sync\mongo-to-mysql\art_asset\art_asset_tags.go", "Go", 0, 37, 0, 0, 0, 0, 0, 0, 9, 5, 51
"c:\Users\mawen\Dev\GitHub\Study\project\data-sync\mongo-to-mysql\art_asset\art_need_asset_relations.go", "Go", 0, 73, 0, 0, 0, 0, 0, 0, 11, 7, 91
"c:\Users\mawen\Dev\GitHub\Study\project\data-sync\mongo-to-mysql\art_asset\bean\bean_mongo.go", "Go", 0, 115, 0, 0, 0, 0, 0, 0, 7, 11, 133
"c:\Users\mawen\Dev\GitHub\Study\project\data-sync\mongo-to-mysql\art_asset\bean\bean_mysql.go", "Go", 0, 107, 0, 0, 0, 0, 0, 0, 14, 15, 136
"c:\Users\mawen\Dev\GitHub\Study\project\data-sync\mongo-to-mysql\art_asset\node\ActiveLibraryModel.js", "JavaScript", 0, 0, 53, 0, 0, 0, 0, 0, 0, 7, 60
"c:\Users\mawen\Dev\GitHub\Study\project\data-sync\mongo-to-mysql\art_asset\node\ArtSourceModel.js", "JavaScript", 0, 0, 50, 0, 0, 0, 0, 0, 3, 7, 60
"c:\Users\mawen\Dev\GitHub\Study\project\data-sync\mongo-to-mysql\art_asset\node\CategoryModel.js", "JavaScript", 0, 0, 49, 0, 0, 0, 0, 0, 0, 6, 55
"c:\Users\mawen\Dev\GitHub\Study\project\data-sync\mongo-to-mysql\art_asset\node\CloudUrlModel.js", "JavaScript", 0, 0, 48, 0, 0, 0, 0, 0, 0, 7, 55
"c:\Users\mawen\Dev\GitHub\Study\project\data-sync\mongo-to-mysql\art_asset\node\PlatUserModel.js", "JavaScript", 0, 0, 73, 0, 0, 0, 0, 0, 0, 6, 79
"c:\Users\mawen\Dev\GitHub\Study\project\data-sync\mongo-to-mysql\art_asset\node\TagModel.js", "JavaScript", 0, 0, 41, 0, 0, 0, 0, 0, 5, 6, 52
"c:\Users\mawen\Dev\GitHub\Study\project\data-sync\mongo-to-mysql\art_need\art_attachments.go", "Go", 0, 63, 0, 0, 0, 0, 0, 0, 11, 7, 81
"c:\Users\mawen\Dev\GitHub\Study\project\data-sync\mongo-to-mysql\art_need\art_attachments2.go", "Go", 0, 65, 0, 0, 0, 0, 0, 0, 12, 9, 86
"c:\Users\mawen\Dev\GitHub\Study\project\data-sync\mongo-to-mysql\art_need\art_need_language_relations.go", "Go", 0, 45, 0, 0, 0, 0, 0, 0, 7, 8, 60
"c:\Users\mawen\Dev\GitHub\Study\project\data-sync\mongo-to-mysql\art_need\art_need_material_size_relations.go", "Go", 0, 70, 0, 0, 0, 0, 0, 0, 11, 7, 88
"c:\Users\mawen\Dev\GitHub\Study\project\data-sync\mongo-to-mysql\art_need\art_need_person_relations.go", "Go", 0, 52, 0, 0, 0, 0, 0, 0, 8, 7, 67
"c:\Users\mawen\Dev\GitHub\Study\project\data-sync\mongo-to-mysql\art_need\art_need_relations.go", "Go", 0, 37, 0, 0, 0, 0, 0, 0, 6, 7, 50
"c:\Users\mawen\Dev\GitHub\Study\project\data-sync\mongo-to-mysql\art_need\art_need_tag_relations.go", "Go", 0, 70, 0, 0, 0, 0, 0, 0, 12, 8, 90
"c:\Users\mawen\Dev\GitHub\Study\project\data-sync\mongo-to-mysql\art_need\art_needs.go", "Go", 0, 92, 0, 0, 0, 0, 0, 0, 19, 11, 122
"c:\Users\mawen\Dev\GitHub\Study\project\data-sync\mongo-to-mysql\art_need\art_tasks.go", "Go", 0, 57, 0, 0, 0, 0, 0, 0, 16, 9, 82
"c:\Users\mawen\Dev\GitHub\Study\project\data-sync\mongo-to-mysql\art_need\base_desc_template.go", "Go", 0, 34, 0, 0, 0, 0, 0, 0, 8, 8, 50
"c:\Users\mawen\Dev\GitHub\Study\project\data-sync\mongo-to-mysql\art_need\bean_mongo.go", "Go", 0, 132, 0, 0, 0, 0, 0, 0, 5, 14, 151
"c:\Users\mawen\Dev\GitHub\Study\project\data-sync\mongo-to-mysql\art_need\bean_mysql.go", "Go", 0, 144, 0, 0, 0, 0, 0, 0, 16, 17, 177
"c:\Users\mawen\Dev\GitHub\Study\project\data-sync\mongo-to-mysql\art_need\supply_desc.go", "Go", 0, 44, 0, 0, 0, 0, 0, 0, 8, 7, 59
"c:\Users\mawen\Dev\GitHub\Study\project\data-sync\mongo-to-mysql\art_need\url_replace.go", "Go", 0, 23, 0, 0, 0, 0, 0, 0, 0, 7, 30
"c:\Users\mawen\Dev\GitHub\Study\project\data-sync\mongo-to-mysql\bi_data\bi_data.go", "Go", 0, 69, 0, 0, 0, 0, 0, 0, 10, 10, 89
"c:\Users\mawen\Dev\GitHub\Study\project\data-sync\mongo-to-mysql\game.go", "Go", 0, 64, 0, 0, 0, 0, 0, 0, 3, 13, 80
"c:\Users\mawen\Dev\GitHub\Study\project\data-sync\mongo-to-mysql\remote-config\remote_config.go", "Go", 0, 152, 0, 0, 0, 0, 0, 0, 13, 14, 179
"c:\Users\mawen\Dev\GitHub\Study\project\data-sync\mongo-to-mysql\sdk_release\README.md", "Markdown", 12, 0, 0, 0, 0, 0, 0, 0, 0, 2, 14
"c:\Users\mawen\Dev\GitHub\Study\project\data-sync\mongo-to-mysql\sdk_release\child_sdk.go", "Go", 0, 70, 0, 0, 0, 0, 0, 0, 9, 8, 87
"c:\Users\mawen\Dev\GitHub\Study\project\data-sync\mongo-to-mysql\sdk_release\child_sdk_release_record.go", "Go", 0, 62, 0, 0, 0, 0, 0, 0, 7, 8, 77
"c:\Users\mawen\Dev\GitHub\Study\project\data-sync\mongo-to-mysql\sdk_release\jenkins_job.go", "Go", 0, 42, 0, 0, 0, 0, 0, 0, 3, 7, 52
"c:\Users\mawen\Dev\GitHub\Study\project\data-sync\mongo-to-mysql\sdk_release\sdk_project.go", "Go", 0, 53, 0, 0, 0, 0, 0, 0, 7, 8, 68
"c:\Users\mawen\Dev\GitHub\Study\project\data-sync\mongo-to-mysql\sdk_release\sdk_release_record.go", "Go", 0, 193, 0, 0, 0, 0, 0, 0, 14, 12, 219
"c:\Users\mawen\Dev\GitHub\Study\project\data-sync\mongo-to-mysql\sdk_release\version_number_to_version_ordinal.go", "Go", 0, 23, 0, 0, 0, 0, 0, 0, 2, 4, 29
"c:\Users\mawen\Dev\GitHub\Study\project\data-sync\mongo-to-mysql\user_console\bean\bean_mongo.go", "Go", 0, 35, 0, 0, 0, 0, 0, 0, 2, 4, 41
"c:\Users\mawen\Dev\GitHub\Study\project\data-sync\mongo-to-mysql\user_console\bean\bean_mysql.go", "Go", 0, 74, 0, 0, 0, 0, 0, 0, 7, 8, 89
"c:\Users\mawen\Dev\GitHub\Study\project\data-sync\mongo-to-mysql\user_console\bean\const.go", "Go", 0, 221, 0, 0, 0, 0, 0, 0, 0, 3, 224
"c:\Users\mawen\Dev\GitHub\Study\project\data-sync\mongo-to-mysql\user_console\node\DimPermissionModel.js", "JavaScript", 0, 0, 38, 0, 0, 0, 0, 0, 0, 5, 43
"c:\Users\mawen\Dev\GitHub\Study\project\data-sync\mongo-to-mysql\user_console\user_perm_police_resource_ad_app_game.go", "Go", 0, 153, 0, 0, 0, 0, 0, 0, 33, 16, 202
"c:\Users\mawen\Dev\GitHub\Study\project\data-sync\mongo-to-mysql\user_console\user_perm_police_resource_bi.go", "Go", 0, 94, 0, 0, 0, 0, 0, 0, 15, 16, 125
"c:\Users\mawen\Dev\GitHub\Study\project\data-sync\mongo-to-mysql\user_console\user_perm_police_resource_bi_app.go", "Go", 0, 75, 0, 0, 0, 0, 0, 0, 13, 8, 96
"c:\Users\mawen\Dev\GitHub\Study\project\data-sync\mongo-to-mysql\user_console\user_perm_police_resource_bi_game.go", "Go", 0, 57, 0, 0, 0, 0, 0, 0, 46, 9, 112
"c:\Users\mawen\Dev\GitHub\Study\project\data-sync\mongo-to-mysql\version-console\bean.go", "Go", 0, 78, 0, 0, 0, 0, 0, 0, 8, 11, 97
"c:\Users\mawen\Dev\GitHub\Study\project\data-sync\mongo-to-mysql\version-console\env_version.go", "Go", 0, 300, 0, 0, 0, 0, 0, 0, 38, 35, 373
"c:\Users\mawen\Dev\GitHub\Study\project\data-sync\mongo-to-mysql\version-console\is_gray_to2.go", "Go", 0, 20, 0, 0, 0, 0, 0, 0, 0, 5, 25
"c:\Users\mawen\Dev\GitHub\Study\project\data-sync\mongo-to-mysql\version-console\language.go", "Go", 0, 48, 0, 0, 0, 0, 0, 0, 7, 7, 62
"c:\Users\mawen\Dev\GitHub\Study\project\data-sync\mongo-to-mysql\version-console\version.go", "Go", 0, 178, 0, 0, 0, 0, 0, 0, 75, 21, 274
"c:\Users\mawen\Dev\GitHub\Study\project\data-sync\mongo-to-mysql\version-console\whitelist.go", "Go", 0, 44, 0, 0, 0, 0, 0, 0, 7, 6, 57
"c:\Users\mawen\Dev\GitHub\Study\project\data-sync\mysql-to-mysql\README.md", "Markdown", 20, 0, 0, 0, 0, 0, 0, 0, 0, 1, 21
"c:\Users\mawen\Dev\GitHub\Study\project\data-sync\mysql-to-mysql\activities.go", "Go", 0, 92, 0, 0, 0, 0, 0, 0, 8, 14, 114
"c:\Users\mawen\Dev\GitHub\Study\project\data-sync\mysql-to-mysql\ad_material\ad_material.go", "Go", 0, 80, 0, 0, 0, 0, 0, 0, 15, 9, 104
"c:\Users\mawen\Dev\GitHub\Study\project\data-sync\mysql-to-mysql\ad_material\ad_material_sync_success.go", "Go", 0, 278, 0, 0, 0, 0, 0, 0, 29, 18, 325
"c:\Users\mawen\Dev\GitHub\Study\project\data-sync\mysql-to-mysql\ad_material\update_success_id.sql", "SQL", 0, 0, 0, 0, 0, 0, 0, 7310, 26, 1, 7337
"c:\Users\mawen\Dev\GitHub\Study\project\data-sync\mysql-to-mysql\ad_material\update_success_id_recover.sql", "SQL", 0, 0, 0, 0, 0, 0, 0, 7336, 0, 1, 7337
"c:\Users\mawen\Dev\GitHub\Study\project\data-sync\mysql-to-mysql\command.go", "Go", 0, 76, 0, 0, 0, 0, 0, 0, 7, 11, 94
"c:\Users\mawen\Dev\GitHub\Study\project\data-sync\mysql-to-mysql\gameConfigs_to_gmConfig.go", "Go", 0, 70, 0, 0, 0, 0, 0, 0, 7, 8, 85
"c:\Users\mawen\Dev\GitHub\Study\project\data-sync\mysql-to-mysql\gm_config.go", "Go", 0, 102, 0, 0, 0, 0, 0, 0, 13, 12, 127
"c:\Users\mawen\Dev\GitHub\Study\project\data-sync\mysql-to-mysql\mail_goods.go", "Go", 0, 65, 0, 0, 0, 0, 0, 0, 8, 10, 83
"c:\Users\mawen\Dev\GitHub\Study\project\data-sync\mysql-to-mysql\mails.go", "Go", 0, 110, 0, 0, 0, 0, 0, 0, 8, 9, 127
"c:\Users\mawen\Dev\GitHub\Study\project\data-sync\postgreSQL-to-mysql\bi-console\cfg_event_params_value.go", "Go", 0, 82, 0, 0, 0, 0, 0, 0, 38, 22, 142
"c:\Users\mawen\Dev\GitHub\Study\project\data-sync\postgreSQL-to-mysql\bi-console\cfg_event_params_value2.go", "Go", 0, 76, 0, 0, 0, 0, 0, 0, 24, 16, 116
"c:\Users\mawen\Dev\GitHub\Study\project\data-sync\postgreSQL-to-mysql\bi-console\cfg_event_params_value3.go", "Go", 0, 81, 0, 0, 0, 0, 0, 0, 50, 17, 148
"c:\Users\mawen\Dev\GitHub\Study\project\data-sync\postgreSQL-to-mysql\bi-console\cfg_event_params_value4.go", "Go", 0, 97, 0, 0, 0, 0, 0, 0, 24, 18, 139
"c:\Users\mawen\Dev\GitHub\Study\project\业务\golang递归实现类别树(CategoryTree).md", "Markdown", 575, 0, 0, 0, 0, 0, 0, 0, 0, 30, 605
"c:\Users\mawen\Dev\GitHub\Study\project\业务\ip.go", "Go", 0, 39, 0, 0, 0, 0, 0, 0, 0, 9, 48
"c:\Users\mawen\Dev\GitHub\Study\project\业务\tiktok广告\上传图片.go", "Go", 0, 58, 0, 0, 0, 0, 0, 0, 5, 4, 67
"c:\Users\mawen\Dev\GitHub\Study\project\业务\tiktok广告\上传视频.go", "Go", 0, 98, 0, 0, 0, 0, 0, 0, 5, 9, 112
"c:\Users\mawen\Dev\GitHub\Study\project\业务\tiktok广告\搜索视频.go", "Go", 0, 79, 0, 0, 0, 0, 0, 0, 1, 8, 88
"c:\Users\mawen\Dev\GitHub\Study\project\业务\三方抓数\Aarki\reporting.go", "Go", 0, 72, 0, 0, 0, 0, 0, 0, 0, 7, 79
"c:\Users\mawen\Dev\GitHub\Study\project\业务\三方抓数\Blind Ferret\blind-ferret.go", "Go", 0, 110, 0, 0, 0, 0, 0, 0, 3, 8, 121
"c:\Users\mawen\Dev\GitHub\Study\project\业务\三方抓数\Tapjoy\getReport.go", "Go", 0, 108, 0, 0, 0, 0, 0, 0, 22, 14, 144
"c:\Users\mawen\Dev\GitHub\Study\project\业务\三方抓数\Taurusx\token.go", "Go", 0, 21, 0, 0, 0, 0, 0, 0, 3, 8, 32
"c:\Users\mawen\Dev\GitHub\Study\project\业务\三方抓数\Taurusx\广告创意信息.go", "Go", 0, 86, 0, 0, 0, 0, 0, 0, 3, 13, 102
"c:\Users\mawen\Dev\GitHub\Study\project\业务\三方抓数\Taurusx\广告投放报表.go", "Go", 0, 89, 0, 0, 0, 0, 0, 0, 11, 14, 114
"c:\Users\mawen\Dev\GitHub\Study\project\业务\三方抓数\Taurusx\广告组.go", "Go", 0, 91, 0, 0, 0, 0, 0, 0, 3, 13, 107
"c:\Users\mawen\Dev\GitHub\Study\project\业务\三方抓数\Taurusx\推广信息.go", "Go", 0, 72, 0, 0, 0, 0, 0, 0, 3, 13, 88
"c:\Users\mawen\Dev\GitHub\Study\project\业务\三方抓数\appier\appier.go", "Go", 0, 48, 0, 0, 0, 0, 0, 0, 0, 6, 54
"c:\Users\mawen\Dev\GitHub\Study\project\业务\三方抓数\bigo\3.2 广告系列查询接口.go", "Go", 0, 62, 0, 0, 0, 0, 0, 0, 0, 6, 68
"c:\Users\mawen\Dev\GitHub\Study\project\业务\三方抓数\bigo\3.3 广告组查询接口.go", "Go", 0, 101, 0, 0, 0, 0, 0, 0, 0, 6, 107
"c:\Users\mawen\Dev\GitHub\Study\project\业务\三方抓数\bigo\3.5 报表查询接口.go", "Go", 0, 82, 0, 0, 0, 0, 0, 0, 0, 7, 89
"c:\Users\mawen\Dev\GitHub\Study\project\业务\三方抓数\bigo\Base64.encode.go", "Go", 0, 13, 0, 0, 0, 0, 0, 0, 2, 5, 20
"c:\Users\mawen\Dev\GitHub\Study\project\业务\三方抓数\bigo\刷新access_token.go", "Go", 0, 51, 0, 0, 0, 0, 0, 0, 3, 9, 63
"c:\Users\mawen\Dev\GitHub\Study\project\业务\三方抓数\chartboost\campaign.go", "Go", 0, 39, 0, 0, 0, 0, 0, 0, 1, 5, 45
"c:\Users\mawen\Dev\GitHub\Study\project\业务\三方抓数\chartboost\job-status.go", "Go", 0, 38, 0, 0, 0, 0, 0, 0, 1, 6, 45
"c:\Users\mawen\Dev\GitHub\Study\project\业务\三方抓数\chartboost\pull the data.go", "Go", 0, 116, 0, 0, 0, 0, 0, 0, 10, 11, 137
"c:\Users\mawen\Dev\GitHub\Study\project\业务\三方抓数\chartboost\pull the data3.go", "Go", 0, 101, 0, 0, 0, 0, 0, 0, 8, 5, 114
"c:\Users\mawen\Dev\GitHub\Study\project\业务\三方抓数\liftoff\1、reports.go", "Go", 0, 84, 0, 0, 0, 0, 0, 0, 2, 7, 93
"c:\Users\mawen\Dev\GitHub\Study\project\业务\三方抓数\liftoff\2、reports-status.go", "Go", 0, 69, 0, 0, 0, 0, 0, 0, 2, 8, 79
"c:\Users\mawen\Dev\GitHub\Study\project\业务\三方抓数\liftoff\3、reports-data.go", "Go", 0, 104, 0, 0, 0, 0, 0, 0, 9, 12, 125
"c:\Users\mawen\Dev\GitHub\Study\project\业务\三方抓数\liftoff\4、get-campaigns.go", "Go", 0, 51, 0, 0, 0, 0, 0, 0, 4, 7, 62
"c:\Users\mawen\Dev\GitHub\Study\project\业务\三方抓数\liftoff\6、get-creatives.go", "Go", 0, 50, 0, 0, 0, 0, 0, 0, 4, 7, 61
"c:\Users\mawen\Dev\GitHub\Study\project\业务\三方抓数\mintegral\pull the data.go", "Go", 0, 102, 0, 0, 0, 0, 0, 0, 8, 14, 124
"c:\Users\mawen\Dev\GitHub\Study\project\业务\三方抓数\mintegral\token.go", "Go", 0, 14, 0, 0, 0, 0, 0, 0, 0, 3, 17
"c:\Users\mawen\Dev\GitHub\Study\project\业务\三方抓数\阳光短剧\decode.go", "Go", 0, 83, 0, 0, 0, 0, 0, 0, 44, 19, 146
"c:\Users\mawen\Dev\GitHub\Study\project\业务\三方抓数\阳光短剧\txt.go", "Go", 0, 20, 0, 0, 0, 0, 0, 0, 5, 8, 33
"c:\Users\mawen\Dev\GitHub\Study\project\业务\三方抓数\阳光短剧\渠道列表查询接口(新).go", "Go", 0, 47, 0, 0, 0, 0, 0, 0, 4, 7, 58
"c:\Users\mawen\Dev\GitHub\Study\project\业务\三方抓数\阳光短剧\用户数据查询.go", "Go", 0, 51, 0, 0, 0, 0, 0, 0, 12, 9, 72
"c:\Users\mawen\Dev\GitHub\Study\project\业务\三方抓数\阳光短剧\订单数据查询.go", "Go", 0, 51, 0, 0, 0, 0, 0, 0, 12, 9, 72
"c:\Users\mawen\Dev\GitHub\Study\project\业务\加密excel\sha256.go", "Go", 0, 46, 0, 0, 0, 0, 0, 0, 17, 18, 81
"c:\Users\mawen\Dev\GitHub\Study\project\业务\增量更新从Facebook获取的广告业务.md", "Markdown", 1072, 0, 0, 0, 0, 0, 0, 0, 0, 136, 1208
"c:\Users\mawen\Dev\GitHub\Study\project\业务\字节广告\images\images.go", "Go", 0, 130, 0, 0, 0, 0, 0, 0, 5, 10, 145
"c:\Users\mawen\Dev\GitHub\Study\project\业务\字节广告\images\images2.go", "Go", 0, 56, 0, 0, 0, 0, 0, 0, 0, 9, 65
"c:\Users\mawen\Dev\GitHub\Study\project\业务\字节广告\token\刷新Refresh Token.go", "Go", 0, 51, 0, 0, 0, 0, 0, 0, 9, 5, 65
"c:\Users\mawen\Dev\GitHub\Study\project\业务\字节广告\vedio\vedio.go", "Go", 0, 124, 0, 0, 0, 0, 0, 0, 5, 10, 139
"c:\Users\mawen\Dev\GitHub\Study\project\业务\字节广告\vedio\vedio2.go", "Go", 0, 54, 0, 0, 0, 0, 0, 0, 7, 10, 71
"c:\Users\mawen\Dev\GitHub\Study\project\业务\小游戏归因\巨量\微信\signature.go", "Go", 0, 70, 0, 0, 0, 0, 0, 0, 0, 12, 82
"c:\Users\mawen\Dev\GitHub\Study\project\业务\打点\数数\退款打点.go", "Go", 0, 63, 0, 0, 0, 0, 0, 0, 8, 12, 83
"c:\Users\mawen\Dev\GitHub\Study\project\业务\腾讯广告\images\go-sdk-添加图片文件.go", "Go", 0, 53, 0, 0, 0, 0, 0, 0, 10, 10, 73
"c:\Users\mawen\Dev\GitHub\Study\project\业务\腾讯广告\images\image.go", "Go", 0, 77, 0, 0, 0, 0, 0, 0, 1, 7, 85
"c:\Users\mawen\Dev\GitHub\Study\project\业务\腾讯广告\vedio\go-sdk-添加视频文件.go", "Go", 0, 89, 0, 0, 0, 0, 0, 0, 17, 17, 123
"c:\Users\mawen\Dev\GitHub\Study\project\业务\腾讯广告\vedio\vedio.go", "Go", 0, 66, 0, 0, 0, 0, 0, 0, 0, 5, 71
"c:\Users\mawen\Dev\GitHub\Study\project\业务\腾讯广告\资产授权\资产权限授予.go", "Go", 0, 53, 0, 0, 0, 0, 0, 0, 9, 8, 70
"c:\Users\mawen\Dev\GitHub\Study\project\业务\飞书多维表格\token\tenant_access_token.go", "Go", 0, 37, 0, 0, 0, 0, 0, 0, 4, 4, 45
"c:\Users\mawen\Dev\GitHub\Study\project\业务\飞书多维表格\新增记录.go", "Go", 0, 3, 0, 0, 0, 0, 0, 0, 10, 2, 15
"c:\Users\mawen\Dev\GitHub\Study\project\规范\CodeReview规则.md", "Markdown", 58, 0, 0, 0, 0, 0, 0, 0, 0, 30, 88
"c:\Users\mawen\Dev\GitHub\Study\project\规范\Golang开发规约.md", "Markdown", 38, 0, 0, 0, 0, 0, 0, 0, 0, 0, 38
"c:\Users\mawen\Dev\GitHub\Study\project\规范\Go风格指南.md", "Markdown", 146, 0, 0, 0, 0, 0, 0, 0, 0, 57, 203
"c:\Users\mawen\Dev\GitHub\Study\project\规范\github flow 推荐流程.md", "Markdown", 14, 0, 0, 0, 0, 0, 0, 0, 0, 4, 18
"c:\Users\mawen\Dev\GitHub\Study\project\规范\git规范\ARNING REMOTE HOST IDENTIFICATION HAS CHANGED.md", "Markdown", 24, 0, 0, 0, 0, 0, 0, 0, 0, 14, 38
"c:\Users\mawen\Dev\GitHub\Study\project\规范\git规范\新需求开发和分支管理.md", "Markdown", 11, 0, 0, 0, 0, 0, 0, 0, 0, 2, 13
"c:\Users\mawen\Dev\GitHub\Study\project\规范\数据库的设计规范.md", "Markdown", 84, 0, 0, 0, 0, 0, 0, 0, 0, 14, 98
"c:\Users\mawen\Dev\GitHub\Study\project\规范\阿里官方 Redis 开发规范.md", "Markdown", 200, 0, 0, 0, 0, 0, 0, 0, 0, 95, 295
"c:\Users\mawen\Dev\GitHub\Study\project\规范\项目开发规范.md", "Markdown", 840, 0, 0, 0, 0, 0, 0, 0, 0, 903, 1743
"c:\Users\mawen\Dev\GitHub\Study\project\设计方案及调研\Golang根据指定的两个字段，批量删除数据库中的相关记录.md", "Markdown", 128, 0, 0, 0, 0, 0, 0, 0, 0, 34, 162
"c:\Users\mawen\Dev\GitHub\Study\project\设计方案及调研\Oauth2.0\OAuth2.0原理及Marketing-API使用.md", "Markdown", 72, 0, 0, 0, 0, 0, 0, 0, 0, 24, 96
"c:\Users\mawen\Dev\GitHub\Study\project\设计方案及调研\Oauth2.0\Oauth2.0授权及golang实现.md", "Markdown", 59, 0, 0, 0, 0, 0, 0, 0, 0, 20, 79
"c:\Users\mawen\Dev\GitHub\Study\project\设计方案及调研\PG VS Mysql.md", "Markdown", 85, 0, 0, 0, 0, 0, 0, 0, 0, 47, 132
"c:\Users\mawen\Dev\GitHub\Study\project\设计方案及调研\Tidb.md", "Markdown", 56, 0, 0, 0, 0, 0, 0, 0, 0, 36, 92
"c:\Users\mawen\Dev\GitHub\Study\project\设计方案及调研\content-type.md", "Markdown", 31, 0, 0, 0, 0, 0, 0, 0, 0, 20, 51
"c:\Users\mawen\Dev\GitHub\Study\project\设计方案及调研\golang使用信号量并发安全的迁移千万条数据.md", "Markdown", 198, 0, 0, 0, 0, 0, 0, 0, 0, 69, 267
"c:\Users\mawen\Dev\GitHub\Study\project\设计方案及调研\golang实现根据图片url转成File.md", "Markdown", 49, 0, 0, 0, 0, 0, 0, 0, 0, 13, 62
"c:\Users\mawen\Dev\GitHub\Study\project\设计方案及调研\golang迁移1亿条mysql数据.md", "Markdown", 74, 0, 0, 0, 0, 0, 0, 0, 0, 13, 87
"c:\Users\mawen\Dev\GitHub\Study\project\设计方案及调研\go实现判断当两个参数确定时,第三个参数必须是唯一的.md", "Markdown", 94, 0, 0, 0, 0, 0, 0, 0, 0, 38, 132
"c:\Users\mawen\Dev\GitHub\Study\project\设计方案及调研\分类标签tree.md", "Markdown", 262, 0, 0, 0, 0, 0, 0, 0, 0, 26, 288
"c:\Users\mawen\Dev\GitHub\Study\project\设计方案及调研\国内支付前后端方案调研.md", "Markdown", 1, 0, 0, 0, 0, 0, 0, 0, 0, 1, 2
"c:\Users\mawen\Dev\GitHub\Study\project\设计方案及调研\图片-文字-动图敏感过滤.md", "Markdown", 43, 0, 0, 0, 0, 0, 0, 0, 0, 51, 94
"c:\Users\mawen\Dev\GitHub\Study\project\设计方案及调研\基于RBAC的用户权限管理系统.md", "Markdown", 230, 0, 0, 0, 0, 0, 0, 0, 0, 96, 326
"c:\Users\mawen\Dev\GitHub\Study\project\设计方案及调研\对象存储 OSS.md", "Markdown", 109, 0, 0, 0, 0, 0, 0, 0, 0, 68, 177
"c:\Users\mawen\Dev\GitHub\Study\project\设计方案及调研\登录方案调研.md", "Markdown", 90, 0, 0, 0, 0, 0, 0, 0, 0, 50, 140
"c:\Users\mawen\Dev\GitHub\Study\project\设计方案及调研\第三方登录.md", "Markdown", 288, 0, 0, 0, 0, 0, 0, 0, 0, 90, 378
"c:\Users\mawen\Dev\GitHub\Study\project\设计方案及调研\钉钉发送工作消息通知.md", "Markdown", 207, 0, 0, 0, 0, 0, 0, 0, 0, 35, 242
"c:\Users\mawen\Dev\GitHub\Study\project\设计方案及调研\高并发系统设计.md", "Markdown", 83, 0, 0, 0, 0, 0, 0, 0, 0, 76, 159
"c:\Users\mawen\Dev\GitHub\Study\system-design\J2EE基础知识.md", "Markdown", 183, 0, 0, 0, 0, 0, 0, 0, 0, 110, 293
"c:\Users\mawen\Dev\GitHub\Study\system-design\basis\RESTfulAPI.md", "Markdown", 117, 0, 0, 0, 0, 0, 0, 0, 0, 63, 180
"c:\Users\mawen\Dev\GitHub\Study\system-design\basis\naming.md", "Markdown", 157, 0, 0, 0, 0, 0, 0, 0, 0, 95, 252
"c:\Users\mawen\Dev\GitHub\Study\system-design\basis\refactoring.md", "Markdown", 80, 0, 0, 0, 0, 0, 0, 0, 0, 65, 145
"c:\Users\mawen\Dev\GitHub\Study\system-design\basis\software-engineering.md", "Markdown", 55, 0, 0, 0, 0, 0, 0, 0, 0, 46, 101
"c:\Users\mawen\Dev\GitHub\Study\system-design\basis\unit-test.md", "Markdown", 78, 0, 0, 0, 0, 0, 0, 0, 0, 61, 139
"c:\Users\mawen\Dev\GitHub\Study\system-design\design-pattern.md", "Markdown", 17, 0, 0, 0, 0, 0, 0, 0, 0, 6, 23
"c:\Users\mawen\Dev\GitHub\Study\system-design\framework\mybatis\mybatis-interview.md", "Markdown", 204, 0, 0, 0, 0, 0, 0, 0, 0, 117, 321
"c:\Users\mawen\Dev\GitHub\Study\system-design\framework\netty.md", "Markdown", 8, 0, 0, 0, 0, 0, 0, 0, 0, 4, 12
"c:\Users\mawen\Dev\GitHub\Study\system-design\framework\spring\ioc-and-aop.md", "Markdown", 147, 0, 0, 0, 0, 0, 0, 0, 0, 67, 214
"c:\Users\mawen\Dev\GitHub\Study\system-design\framework\spring\spring-boot-auto-assembly-principles.md", "Markdown", 227, 0, 0, 0, 0, 0, 0, 0, 0, 99, 326
"c:\Users\mawen\Dev\GitHub\Study\system-design\framework\spring\spring-common-annotations.md", "Markdown", 710, 0, 0, 0, 0, 0, 0, 0, 0, 253, 963
"c:\Users\mawen\Dev\GitHub\Study\system-design\framework\spring\spring-design-patterns-summary.md", "Markdown", 242, 0, 0, 0, 0, 0, 0, 0, 0, 114, 356
"c:\Users\mawen\Dev\GitHub\Study\system-design\framework\spring\spring-knowledge-and-questions-summary.md", "Markdown", 720, 0, 0, 0, 0, 0, 0, 0, 0, 331, 1051
"c:\Users\mawen\Dev\GitHub\Study\system-design\framework\spring\spring-transaction.md", "Markdown", 513, 0, 0, 0, 0, 0, 0, 0, 0, 207, 720
"c:\Users\mawen\Dev\GitHub\Study\system-design\framework\spring\springboot-knowledge-and-questions-summary.md", "Markdown", 9, 0, 0, 0, 0, 0, 0, 0, 0, 4, 13
"c:\Users\mawen\Dev\GitHub\Study\system-design\framework\spring\springboot-source-code.md", "Markdown", 10, 0, 0, 0, 0, 0, 0, 0, 0, 5, 15
"c:\Users\mawen\Dev\GitHub\Study\system-design\schedule-task.md", "Markdown", 260, 0, 0, 0, 0, 0, 0, 0, 0, 125, 385
"c:\Users\mawen\Dev\GitHub\Study\system-design\security\advantages-and-disadvantages-of-jwt.md", "Markdown", 117, 0, 0, 0, 0, 0, 0, 0, 0, 74, 191
"c:\Users\mawen\Dev\GitHub\Study\system-design\security\basis-of-authority-certification.md", "Markdown", 155, 0, 0, 0, 0, 0, 0, 0, 0, 102, 257
"c:\Users\mawen\Dev\GitHub\Study\system-design\security\data-desensitization.md", "Markdown", 387, 0, 0, 0, 0, 0, 0, 0, 0, 97, 484
"c:\Users\mawen\Dev\GitHub\Study\system-design\security\design-of-authority-system.md", "Markdown", 128, 0, 0, 0, 0, 0, 0, 0, 0, 86, 214
"c:\Users\mawen\Dev\GitHub\Study\system-design\security\encryption-algorithms.md", "Markdown", 265, 0, 0, 0, 0, 0, 0, 0, 0, 111, 376
"c:\Users\mawen\Dev\GitHub\Study\system-design\security\jwt-intro.md", "Markdown", 110, 0, 0, 0, 0, 0, 0, 0, 0, 59, 169
"c:\Users\mawen\Dev\GitHub\Study\system-design\security\sentive-words-filter.md", "Markdown", 74, 0, 0, 0, 0, 0, 0, 0, 0, 35, 109
"c:\Users\mawen\Dev\GitHub\Study\system-design\security\sso-intro.md", "Markdown", 78, 0, 0, 0, 0, 0, 0, 0, 0, 47, 125
"c:\Users\mawen\Dev\GitHub\Study\system-design\system-design-questions.md", "Markdown", 9, 0, 0, 0, 0, 0, 0, 0, 0, 5, 14
"c:\Users\mawen\Dev\GitHub\Study\system-design\web-real-time-message-push.md", "Markdown", 369, 0, 0, 0, 0, 0, 0, 0, 0, 110, 479
"c:\Users\mawen\Dev\GitHub\Study\tools\gradle\gradle-core-concepts.md", "Markdown", 211, 0, 0, 0, 0, 0, 0, 0, 0, 96, 307
"c:\Users\mawen\Dev\GitHub\Study\tools\maven\maven-best-practices.md", "Markdown", 180, 0, 0, 0, 0, 0, 0, 0, 0, 54, 234
"c:\Users\mawen\Dev\GitHub\Study\tools\maven\maven-core-concepts.md", "Markdown", 348, 0, 0, 0, 0, 0, 0, 0, 0, 117, 465
"c:\Users\mawen\Dev\GitHub\Study\vim_note.md", "Markdown", 23, 0, 0, 0, 0, 0, 0, 0, 0, 15, 38
"c:\Users\mawen\Dev\GitHub\Study\分布式\ZooKeeper详解\README.md", "Markdown", 125, 0, 0, 0, 0, 0, 0, 0, 0, 100, 225
"c:\Users\mawen\Dev\GitHub\Study\分布式\ZooKeeper详解\ZooKeeper 实战.md", "Markdown", 202, 0, 0, 0, 0, 0, 0, 0, 0, 87, 289
"c:\Users\mawen\Dev\GitHub\Study\分布式\ZooKeeper详解\ZooKeeper 相关概念总结(入门).md", "Markdown", 174, 0, 0, 0, 0, 0, 0, 0, 0, 104, 278
"c:\Users\mawen\Dev\GitHub\Study\分布式\ZooKeeper详解\ZooKeeper 相关概念总结(进阶).md", "Markdown", 196, 0, 0, 0, 0, 0, 0, 0, 0, 171, 367
"c:\Users\mawen\Dev\GitHub\Study\分布式\api-gateway.md", "Markdown", 131, 0, 0, 0, 0, 0, 0, 0, 0, 81, 212
"c:\Users\mawen\Dev\GitHub\Study\分布式\distributed-id-design.md", "Markdown", 94, 0, 0, 0, 0, 0, 0, 0, 0, 80, 174
"c:\Users\mawen\Dev\GitHub\Study\分布式\distributed-id.md", "Markdown", 240, 0, 0, 0, 0, 0, 0, 0, 0, 152, 392
"c:\Users\mawen\Dev\GitHub\Study\分布式\distributed-lock-implementations.md", "Markdown", 272, 0, 0, 0, 0, 0, 0, 0, 0, 107, 379
"c:\Users\mawen\Dev\GitHub\Study\分布式\distributed-lock.md", "Markdown", 50, 0, 0, 0, 0, 0, 0, 0, 0, 35, 85
"c:\Users\mawen\Dev\GitHub\Study\分布式\spring-cloud-gateway-questions.md", "Markdown", 98, 0, 0, 0, 0, 0, 0, 0, 0, 60, 158
"c:\Users\mawen\Dev\GitHub\Study\分布式\理论&算法&协议\CAP & BASE理论.md", "Markdown", 82, 0, 0, 0, 0, 0, 0, 0, 0, 64, 146
"c:\Users\mawen\Dev\GitHub\Study\分布式\理论&算法&协议\Paxos 算法.md", "Markdown", 40, 0, 0, 0, 0, 0, 0, 0, 0, 35, 75
"c:\Users\mawen\Dev\GitHub\Study\分布式\理论&算法&协议\RBFT算法.md", "Markdown", 63, 0, 0, 0, 0, 0, 0, 0, 0, 47, 110
"c:\Users\mawen\Dev\GitHub\Study\分布式\理论&算法&协议\Raft 算法.md", "Markdown", 95, 0, 0, 0, 0, 0, 0, 0, 0, 73, 168
"c:\Users\mawen\Dev\GitHub\Study\分布式\理论&算法&协议\gossip-protocl.md", "Markdown", 83, 0, 0, 0, 0, 0, 0, 0, 0, 63, 146
"c:\Users\mawen\Dev\GitHub\Study\后端通用面试题.md", "Markdown", 2060, 0, 0, 0, 0, 0, 0, 0, 0, 1372, 3432
"c:\Users\mawen\Dev\GitHub\Study\操作系统.md", "Markdown", 763, 0, 0, 0, 0, 0, 0, 0, 0, 946, 1709
"c:\Users\mawen\Dev\GitHub\Study\消息队列\Kafka.md", "Markdown", 77, 0, 0, 0, 0, 0, 0, 0, 0, 31, 108
"c:\Users\mawen\Dev\GitHub\Study\消息队列\Kafka常见面试题总结.md", "Markdown", 126, 0, 0, 0, 0, 0, 0, 0, 0, 105, 231
"c:\Users\mawen\Dev\GitHub\Study\消息队列\Kafka知识体系.md", "Markdown", 610, 0, 0, 0, 0, 0, 0, 0, 0, 343, 953
"c:\Users\mawen\Dev\GitHub\Study\消息队列\Kafka面经.md", "Markdown", 103, 0, 0, 0, 0, 0, 0, 0, 0, 86, 189
"c:\Users\mawen\Dev\GitHub\Study\消息队列\MQ面经.md", "Markdown", 189, 0, 0, 0, 0, 0, 0, 0, 0, 139, 328
"c:\Users\mawen\Dev\GitHub\Study\消息队列\RabbitMQ基础知识总结.md", "Markdown", 186, 0, 0, 0, 0, 0, 0, 0, 0, 161, 347
"c:\Users\mawen\Dev\GitHub\Study\消息队列\RabbitMQ常见面试题总结.md", "Markdown", 80, 0, 0, 0, 0, 0, 0, 0, 0, 54, 134
"c:\Users\mawen\Dev\GitHub\Study\消息队列\RabbitMq.md", "Markdown", 183, 0, 0, 0, 0, 0, 0, 0, 0, 145, 328
"c:\Users\mawen\Dev\GitHub\Study\消息队列\RocketMQ基础知识总结.md", "Markdown", 232, 0, 0, 0, 0, 0, 0, 0, 0, 220, 452
"c:\Users\mawen\Dev\GitHub\Study\消息队列\RocketMQ常见面试题总结（更新中）.md", "Markdown", 57, 0, 0, 0, 0, 0, 0, 0, 0, 29, 86
"c:\Users\mawen\Dev\GitHub\Study\消息队列\disruptor-questions.md", "Markdown", 88, 0, 0, 0, 0, 0, 0, 0, 0, 53, 141
"c:\Users\mawen\Dev\GitHub\Study\消息队列\rocketmq-questions.md", "Markdown", 588, 0, 0, 0, 0, 0, 0, 0, 0, 347, 935
"c:\Users\mawen\Dev\GitHub\Study\消息队列\消息队列基础常见面试题总结.md", "Markdown", 146, 0, 0, 0, 0, 0, 0, 0, 0, 96, 242
"c:\Users\mawen\Dev\GitHub\Study\计算机网络\Network.md", "Markdown", 117, 0, 0, 0, 0, 0, 0, 0, 0, 81, 198
"c:\Users\mawen\Dev\GitHub\Study\计算机网络\一次搞定计算机网络，高效修炼程序员内功.md", "Markdown", 75, 0, 0, 0, 0, 0, 0, 0, 0, 153, 228
"c:\Users\mawen\Dev\GitHub\Study\计算机网络\导读  程序员如何打好计算机领域的基础？.md", "Markdown", 55, 0, 0, 0, 0, 0, 0, 0, 0, 109, 164
"c:\Users\mawen\Dev\GitHub\Study\计算机网络\计网面经\计算机网络上.md", "Markdown", 170, 0, 0, 0, 0, 0, 0, 0, 0, 140, 310
"c:\Users\mawen\Dev\GitHub\Study\计算机网络\计网面经\计算机网络下.md", "Markdown", 213, 0, 0, 0, 0, 0, 0, 0, 0, 307, 520
"c:\Users\mawen\Dev\GitHub\Study\计算机网络\计网面经\计算机网络经典面试题.md", "Markdown", 836, 0, 0, 0, 0, 0, 0, 0, 0, 1197, 2033
"c:\Users\mawen\Dev\GitHub\Study\设计模式\常见设计模式.md", "Markdown", 602, 0, 0, 0, 0, 0, 0, 0, 0, 440, 1042
"c:\Users\mawen\Dev\GitHub\Study\设计模式\常见设计模式导图.md", "Markdown", 176, 0, 0, 0, 0, 0, 0, 0, 0, 135, 311
"c:\Users\mawen\Dev\GitHub\Study\高可用\冗余设计详解.md", "Markdown", 23, 0, 0, 0, 0, 0, 0, 0, 0, 18, 41
"c:\Users\mawen\Dev\GitHub\Study\高可用\性能测试入门.md", "Markdown", 86, 0, 0, 0, 0, 0, 0, 0, 0, 62, 148
"c:\Users\mawen\Dev\GitHub\Study\高可用\服务限流详解.md", "Markdown", 137, 0, 0, 0, 0, 0, 0, 0, 0, 79, 216
"c:\Users\mawen\Dev\GitHub\Study\高可用\超时&重试详解.md", "Markdown", 34, 0, 0, 0, 0, 0, 0, 0, 0, 31, 65
"c:\Users\mawen\Dev\GitHub\Study\高可用\高可用系统设计指南.md", "Markdown", 39, 0, 0, 0, 0, 0, 0, 0, 0, 24, 63
"c:\Users\mawen\Dev\GitHub\Study\高并发\高并发系统设计.md", "Markdown", 83, 0, 0, 0, 0, 0, 0, 0, 0, 75, 158
"c:\Users\mawen\Dev\GitHub\Study\高性能\CDN（内容分发网络）详解.md", "Markdown", 64, 0, 0, 0, 0, 0, 0, 0, 0, 50, 114
"c:\Users\mawen\Dev\GitHub\Study\高性能\data-cold-hot-separation.md", "Markdown", 44, 0, 0, 0, 0, 0, 0, 0, 0, 25, 69
"c:\Users\mawen\Dev\GitHub\Study\高性能\deep-pagination-optimization.md", "Markdown", 69, 0, 0, 0, 0, 0, 0, 0, 0, 30, 99
"c:\Users\mawen\Dev\GitHub\Study\高性能\load-balancing.md", "Markdown", 160, 0, 0, 0, 0, 0, 0, 0, 0, 108, 268
"c:\Users\mawen\Dev\GitHub\Study\高性能\read-and-write-separation-and-library-subtable.md", "Markdown", 176, 0, 0, 0, 0, 0, 0, 0, 0, 116, 292
"c:\Users\mawen\Dev\GitHub\Study\高性能\sql-optimization.md", "Markdown", 15, 0, 0, 0, 0, 0, 0, 0, 0, 5, 20
"Total", "-", 76895, 10783, 1370, 2276, 103, 34, 2596, 14646, 1789, 38510, 149002